会社名・店名,ロゴファイル名,ウェブサイトURL,区分,表示,並び順
内藤環境管理株式会社,partners_naitou,http://www.knights.co.jp/,ユニフォームスポンサー,表示する,1
医療法人有隣会わかくさ病院,partners_wakakusa,http://www.wakakusa-hospital.com/,ユニフォームスポンサー,表示する,2
【要確認】hashimoto,partners_hashimoto,,ユニフォームスポンサー,表示する,3
エコルア,partners_ecolua,https://www.instagram.com/ecoluahair/?hl=ja,ユニフォームスポンサー,表示する,4
かなえ歯科クリニック,partners_Kanae,http://www.kanae-dc.net/,ユニフォームスポンサー,表示する,5
株式会社白井商事,partners_shirai,https://www.shirai.co.jp/,ユニフォームスポンサー,表示する,6
【要確認】orange,partners_orange,,ユニフォームスポンサー,表示する,7
株式会社トリア,partners_tria,http://3tria.com/,ユニフォームスポンサー,表示する,8
【要確認】tomo,partners_tomo,,サポートスポンサー,表示する,9
【要確認】hotelnewsaitama,partners_hotelnewsaitama,,サポートスポンサー,表示する,10
【要確認】kyoeikai,partners_kyoeikai,,サポートスポンサー,表示する,11
オーガニックジム,partners_organicgym,https://organic-gym.com/,サポートスポンサー,表示する,12
有限会社　豊曜商事,partners_houyoushoji,https://www.houyoushoji.co.jp/,サポートスポンサー,表示する,13
【要確認】kamiya,partners_kamiya,,サポートスポンサー,表示する,14
ひと声,partners_hitokoe,http://www.hitokoe.jp/,サポートスポンサー,表示する,15
【要確認】maruhachi,partners_maruhachi,,サポートスポンサー,表示する,16
【要確認】yuzuha,partners_yuzuha,,サポートスポンサー,表示する,17
株式会社アーバン通商,partners_urban,http://www.urban-cop.com/,サポートスポンサー,表示する,18
【要確認】earlgrey,partners_earlgrey,,サポートスポンサー,表示する,19
【要確認】issa,partners_issa,,サポートスポンサー,表示する,20
【要確認】earnest,partners_earnest,,サポートスポンサー,表示する,21
健接骨院,partners_ken,https://ken-seikotsuin.webnode.jp/,サポートスポンサー,表示する,22
【要確認】bambooj2,partners_bambooj2,,サポートスポンサー,表示する,23
バーレベルストック,partners_revelstoke,http://www.revelstoke.jp/,サポートスポンサー,表示する,24
フライングエッグおちあい,partners_ochiai2,https://flyingegg1126.jimdo.com/,サポートスポンサー,表示する,25
【要確認】aiko,partners_aiko,,サポートスポンサー,表示する,26
【要確認】kiyoshin,partners_kiyoshin,,サポートスポンサー,表示する,27
すぎもとインテリア,partners_sugimoto,http://www.curtain-stage.com/,サポートスポンサー,表示する,28
しんやまはねき接骨院,partners_shinyama,http://shinyamahaneki.com/,サポートスポンサー,表示する,29
【要確認】koseido,partners_koseido,,サポートスポンサー,表示する,30
【要確認】hinomaru,partners_hinomaru,,サポートスポンサー,表示する,31
【要確認】thewall,partners_thewall,,サポートスポンサー,表示する,32
