日付,カテゴリ,見出し,概要,本文,画像ファイル名,外部リンク,公開
2022/05/20,大会,第29回全国クラブサッカー選手権埼玉県大会情報,第29回全国クラブサッカー選手権埼玉県大会のトーナメント組み合わせが決定しました。,"第29回全国クラブサッカー選手権埼玉県大会のトーナメント組み合わせが決定しました。
優勝を目指して戦い抜きますので、応援よろしくお願いします。
■2回戦
2022年06月19日(日)11:50キックオフ
vs.FC O'timo (県3北部)と川高蹴球会 (西部)の勝者＠熊谷さくら南
※1回戦はシードになります。
■2回戦会場
熊谷さくら運動公園（南面）
〒360-0832　埼玉県熊谷市小島157番地1
熊谷市ゆうゆうバス（熊谷駅、籠原駅より発車）で、「運動公園」で下車
熊谷さくら運動公園ホームページ
2回戦以降の会場情報などは追ってお知らせいたします。
試合結果は以下でご確認ください。
試合スケジュール",,,公開
2021/11/14,大会,南部地区ブロック決勝大会情報,県リーグ昇格を賭けた南部地区ブロック決勝大会のトーナメント組み合わせが決定しました。,"県リーグ昇格を賭けた南部地区ブロック決勝大会のトーナメント組み合わせが決定しました。
また今大会より有観客での開催となります。
優勝、県リーグ昇格を目指して最後まで戦い抜きますので、応援よろしくお願いします。
・1回戦
2021年11月21日(日)14:30キックオフ
vs.川口市役所＠堀崎公園
・2回戦
2021年12月5日(日)14:30キックオフ
vs.未定＠上尾平塚グラウンド
・決勝or3決
2021年12月19日(日)決勝14:30(3決の場合は12:30)キックオフ
vs.未定＠SFAフットボールセンター西側
【1回戦会場情報】
堀崎公園
〒337－0052　さいたま市見沼区堀崎町12－1
東武野田線 大和田駅下車 徒歩10分
東武野田線 大和田駅からＪＲ東大宮行きのバスで「大宮武道館」下車 徒歩2分
ＪＲ東大宮駅から東武野田線大和田駅行きのバスで「大宮武道館」下車 徒歩2分
【観戦についてのお願い】
・ピッチ外での観戦は制限されていませんが、節度ある行動をお願い致します。
・声を出しての応援は禁止させていただきます。
・会場ごとの使用条件を必ず遵守してください。",news_2021_article_001_1,,公開
2021/08/20,スポンサー,Organic gym様によるアニマルフロー指導 2021ver.,当チームスポンサーであるOrganic gym様より代表のMASAKIさん、インストラクターのMAYAさんにお越しいただき、,"当チームスポンサーであるOrganic gym様より代表のMASAKIさん、インストラクターのMAYAさんにお越しいただき、
アニマルフローのご指導をいただきました。
Organic gym様にはチーム発足の３年前からご指導していただき、今回で３回目の講習となります。
チームではウォーミングアップの一環としてアニマルフローを導入しております。
アニマルフローは海外発の柔軟性や身体のコーディネーションに重点をおいたプログラムです。
動物の動きを真似ることで、体全体の柔軟性向上と筋力アップが期待できるトレーニングです。
普段から行っているはずの動きにも関わらず、実技指導の中で選手たちは苦しい表情を浮かべ、
時に思わず声が漏れることも…以前教わった動きから知らず知らずのうちに自分の身体にとって
都合の良い解釈をした動作に変えていたためでした。
今回改めて意識するポイントを一つ一つ丁寧に教えていただき、選手たちは意欲的にトレーニングを行うことができました。
アニマルフローは、足回りの可動域や全身の捻り運動がスムーズに行えるようになり、
また上半身の筋力アップにも繋がることからサッカーに適したトレーニングと感じております。
多くのサッカー関係者にアニマルフローの素晴らしさを知ってもらうためにも、
Area大谷場は継続して日々のトレーニングに取り込んでいきます。
Organic gym様ではアニマルフローに特化したセッションも開催しておりますので、
是非ホームページをご確認ください。
■https://organic-gym.com/
以下バナーからアクセスできます。",news_2021_article_000_1,,公開
2019/11/04,スポンサー,スポンサーコラボ第２段！くろさき歯科様,令和元年１０月１３日にさいたま市立大谷場中学校にて、スポンサーのくろさき歯科様から,"令和元年１０月１３日にさいたま市立大谷場中学校にて、スポンサーのくろさき歯科様から
医院長で歯科医師の黒崎先生、管理栄養士の奥山先生、医院のマネージメントを行なっている堀越先生をお招きし、
Area大谷場、大谷場中学校サッカー部、野球部及びその保護者と合同で『栄養・食事と歯（口）』について講義いただきました！
内容は、スポーツのパフォーマンスを向上させるために大変参考になるものばかりで、
受講者は熱心にメモを取り、質疑も予定時刻を大幅に過ぎるほど盛り上がり、非常に有意義な時間となりました。
Area大谷場を介し、地域の子ども達の未来を少しでも明るくするお手伝いが出来たのではないかと感じます。
この講義でご教示いただいたことを生かし、パフォーマンスの向上を目指します！！
くろさき歯科は、南浦和駅東口のロータリーに面したビルにあります。
“総合治療”という考え方で歯科治療を行う歯科医院です。
是非一度、くろさき歯科ホームページをご覧ください。
■http://kurosakishika.com/
以下バナーからアクセスできます。",news_2019_article_002_1,,公開
2019/07/28,地域活動,浦和まつり（南浦和会場）に参加しました！,令和元年７月２１日に開催された第１６回浦和よさこいのお手伝いをさせて頂きました。,"令和元年７月２１日に開催された第１６回浦和よさこいのお手伝いをさせて頂きました。
選手は午前/午後に分かれて出演団体の案内や、列の整理、安全管理などを行いました。
お祭りは大きな問題や怪我人が出ることもなく、無事に終えることが出来ました！
浦和祭りは、子どものころから足を運んでいた選手やスタッフがほとんどですが、
裏方に回って初めて知る苦労が沢山ありました。
Area大谷場はサッカーだけでなく、地域に貢献する事も大切にしています。
今後も様々な形で地域活動に携わり、地域と共にArea大谷場が発展していけるように頑張ります！
応援よろしくお願いします！",news_2019_article_001_1,,公開
2019/07/20,スポンサー,スポンサーコラボ 第1段！Organic gym様,2019年4月19日にチームのスポンサーであるOrganic gym 代表の湯浅さんより,"2019年4月19日にチームのスポンサーであるOrganic gym 代表の湯浅さんより
ウォーミングアップについてご指導いただきました。
今回は『アニマルフロー』と呼ばれるトレーニングをメインとしたご指導を受け、
今まで意識して使うことの無かった筋肉や、とったことの無い姿勢に戸惑いつつも意欲的にトレーニングを行いました。
『アニマルフロー』は海外発の柔軟性や身体のコーディネーションに重点をおいたプログラムです。
名前から連想できるように動物の動きを真似ることで体全体を鍛えるトレーニングで、
Area大谷場では日々のトレーニングや試合前のウォーミングアップに取り入れています。
また某Ｊリーグチームの下部組織でもOrganic gymさんご指導のもとトレーニングを行っています。
Organic gym 代表湯浅さんから頂いたメッセージである「違う景色を見よう！」を合言葉に
継続してトレーニングを行います。
『アニマルフロー』に興味がある方は、Organic gym様のホームページへアクセスしてみて下さい。
■https://organic-gym.com/
以下バナーからアクセスできます。",news_2019_article_000_1,,公開
